,shap_value
aqi_rolling_72h,23.19982
wind_speed,14.696861
month_cos,4.285567
temp,3.8938513
aqi_rolling_96h,3.1601846
month_sin,1.6332968
humidity,1.4700503
wind_direction,1.4325184
season,1.3509378
aqi_lag_72h,1.3052111
is_rush_hour,1.2172047
precipitation,1.1982045
pressure,0.9911171
dayofweek,0.72240776
aqi_lag_96h,0.69981927
hour_sin,0.6457859
weather_code,0.6395797
wind_humidity,0.45577013
feels_like,0.38670433
temp_humidity,0.3515778
hour_cos,0.2996259
is_strong_wind,0.29466033
is_calm_wind,0.116697006
is_weekend,0.04651325
is_stagnant,0.008494289
is_cold,0.0
is_hot,0.0
